{"Encargado":[{"data":{"Salary":2000,"ListE":[{"data":{"Salary":1000,"Id":6,"Date":"1 de cada mes","Name":"Santos Perez"},"type":"Empleado"},{"data":{"Salary":600,"Id":7,"Date":"2 de cada mes","Name":"Laura Sanchez"},"type":"Empleado"}],"Id":0,"IdE":1234,"Date":"1 de cada mes","Name":"Samuel Asanza Mesa"},"type":"Encargado"},{"data":{"Salary":1700,"ListE":[{"data":{"Salary":600,"Id":5,"Date":"1 de cada mes","Name":"Pedro Sanchez"},"type":"Empleado"},{"data":{"Salary":1000,"Id":4,"Date":"2 de cada mes","Name":"Javier Orbis"},"type":"Empleado"}],"Id":6,"IdE":7777,"Date":"1 de cada mes","Name":"Rodrigo Martin"},"type":"Encargado"}]}
